判断基準の言語化シート,,,
,,,
対象の業務,【ここに1業務だけ書く】,,
書いた日,,,
,,,
■ STEP1 この業務で スタッフから来た質問を書き出す,,,
,,,
来た質問（そのまま書く）,回数,,
,,,
,,,
,,,
,,,
,,,
※思い出せる範囲でOK。質問は「判断が抜けている場所」の目印です,,,
,,,
■ STEP2 3つの判断を書く,,,
,,,
種類,もし〜なら,〜する,理由（1行）
例外判断（いつもと違うことが起きたとき）,,,
,,,
,,,
程度判断（どこまでやったら合格か）,,,
,,,
,,,
順番判断（2つ同時に来たらどっちが先か）,,,
,,,
,,,
,,,
■ 記入例,,,
種類,もし〜なら,〜する,理由
例外判断,予約が重なってしまったら,後から入った方に別の時間を案内する,先に押さえた人を動かすと 約束があとから変わる経験になるから
程度判断,キャンセル待ちの方へ連絡するなら,1〜2人は電話 3人以上はLINEで一斉に,電話は1件ずつ時間がかかるので 人数が増えると間に合わない
順番判断,予約変更と新規予約が同時に来たら,新規を先に取る,新規は待たせると他に行くが 既存のお客さんは少し待てる
,,,
※理由を書くと 書いていない場面でもスタッフが自分で判断できます,,,
,,,
■ STEP3 渡さないものを決める（ここが一番効きます）,,,
,,,
区分,内容,この業務での線引き,
A 自分で決めていい（報告もいらない）,毎日起きて 間違えても元に戻せること,,
B 自分で決めて あとで一言報告,頻度は低いが知っておきたいこと ※報告は決めた「後」でいいと伝える,,
C 必ず社長に確認,お金が出ていく判断／人に関する判断／外への約束,,
,,,
※Cを決めると A・Bが自動的に「聞かなくていい」に変わります,,,
※スタッフが一番こわいのは 勝手にやって怒られることです,,,
,,,
■ STEP4 渡して 一度やってもらう,,,
,,,
渡した日,,,
やってもらった日,,,
止まった場所,追記した判断,,
,,,
,,,
,,,
※書いたら渡して 横で一度やってもらって 止まったところだけ1行足す。それで完成です,,,
※1回直したら完了にしてください。完璧を待つと終わりません,,,
