1業務を決める棚卸しシート,,,,,
,,,,,
書いた日,,,,,
,,,,,
■ STEP1 1週間 質問が来たら業務名だけメモする,,,,,
,,,,,
業務名,①週の回数,②1回にかかる分数,③間違えても戻せるか（◎○×）,月間の削減見込み,候補
,,,,,
,,,,,
,,,,,
,,,,,
,,,,,
,,,,,
,,,,,
,,,,,
,,,,,
※「月間の削減見込み」は ①×②×4.3 で出ます。スプレッドシート版なら =B8*C8*4.3 を入れてください,,,,,
※記憶で決めないでください。1週間メモするだけで形が見えます,,,,,
※質問がほとんど来なかった場合は スタッフが聞かずに止めている可能性があります,,,,,
　週末に「今週 私に聞けなくて止まってた仕事ある？」と聞いてみてください,,,,,
,,,,,
■ STEP2 選ぶ基準,,,,,
,,,,,
①週5回以上 起きている,,,,,
②1回3分以上 かかっている,,,,,
③間違えても元に戻せる,,,,,
,,,,,
この3つが全部そろっているものを1つだけ選んでください,,,,,
複数あったら 自分が一番イラッとする方を選ぶ,,,,,
,,,,,
■ 選んではいけない業務（チェック）,,,,,
,,,,,
チェック,内容,理由,,,
,その場にいないと判断できない仕事,対面で人を見て決める／現物を触って決めることは 言葉にしても渡らない,,,
,お金・人・外への約束,渡さないと決めていい領域。順番が最後というだけ,,,
,月1回未満しか起きない業務,回収まで15か月かかる。順番が後ろ,,,
,社長が本当にやりたい仕事,外す必要がない。好きな仕事は残していい,,,
,,,,,
■ 今回やる1業務,,,,,
,,,,,
業務名,,,,,
選んだ理由,,,,,
,,,,,
■ 完了条件（先に決める）,,,,,
,,,,,
担当スタッフが1回やってみて 止まったところを1回直した → 完了,,,,,
,,,,,
担当スタッフ,,,,,
いつまでに,,,,,
,,,,,
※「社長に聞かずに完全に回るようになったら完了」にしないでください,,,,,
※終わりが来ないので 途中でやめることになります,,,,,
