顧問先ヒアリング用 3つの質問シート,,,
,,,
会社名,,,
面談日,,,
,,,
■ 聞く質問は3つだけです。雑談の流れで聞けます,,,
,,,
No,質問,回答,
1,この資料（原稿・入力）社長ご自身でやってますか,,
1-追,スタッフさんに渡したことはありますか,,
2,もし社長が1週間入院したら 止まる仕事はどれですか,,
3,スタッフさんから「これどうしますか」って週に何回くらい聞かれますか,,
,,,
■ 回答の読み方,,,
,,,
質問1の追い質問,意味,,
渡したことがない,渡し方が分からないだけ,,
渡したけど戻ってきた,渡すものが足りていなかった（最ももったいない層）,,
渡す人がいない,人の問題。別の話,,
,,,
質問3の回数,状態,,
週5回以下,まだ健全,,
週10回以上,判断が社長に集中している,,
数えたことない・無限,本人が把握できていない状態,,
ほとんど聞かれない,聞かずに止めている可能性あり。別途確認,,
,,,
■ 見立て（A／B／C）,,,
,,,
パターン,条件,状態,対応
A 作業が集中,Q1 自分でやってる ＋ Q3 あまり聞かれない,手が足りていないだけ,人を増やすか外に出す。仕組み化は効かない
B 判断が集中,Q2 止まる仕事が3つ以上 ＋ Q3 週10回以上,本命,判断を言葉にして外に出す
C 一度やって失敗,Q1追 渡したけど戻ってきた,作業は正しく書けている 足りないのは判断だけ,作り直しではなく追記で済む
,,,
■ 一番大事なチェック（これだけは必ず）,,,
,,,
チェック,状態,見込み,
,吸収役（社長の奥さん・番頭・古参スタッフ）が機能している,× 社長に痛みが出ていないので今は不要,
,吸収役がいない。社長本人に集中している,○ 対象,
,全部やってくれてた人が辞めた／辞めそう,◎ 最優先,
,,,
※見るのは「社長が忙しいか」ではなく「誰かが無料で吸収していないか」です,,,
※「ずっと全部やってくれてた人が辞めた」が一番価値のある情報です,,,
